App_ID	Config_ID	EDP	App_Cat	App_Short	Device	Frequency	A15	A7	MALI	Mem	Energy	Time
1	1	65.54424113	Convolution	2DCONV	A15	2	14.12557333	0.66082323	0.301156	0.50225813	15.59	4.20
1	2	32.39533617	Convolution	2DCONV	A15	1.4	5.14856667	0.61663533	0.2955589	0.4201642	6.48	5.00
1	3	28.38994524	Convolution	2DCONV	A15	1	3.44678367	0.70516543	0.34335737	0.2477872	4.74	5.99
1	4	72.62535856	Convolution	2DCONV	A15	0.4	3.24596	1.464105	0.72658203	0.37410993	5.81	12.50
1	5	28.08994442	Convolution	2DCONV	A7	1.4	3.843383	1.2482598	0.29459247	0.2225552	5.61	5.01
1	6	34.40271403	Convolution	2DCONV	A7	1	4.34897367	0.78092517	0.3568787	0.19946483	5.69	6.05
1	7	153.1667547	Convolution	2DCONV	A7	0.4	9.975948	0.59649273	0.75211747	1.0177455	12.34	12.41
1	8	55.3293362	Convolution	2DCONV	MALI	0.6	11.12187033	0.66712693	0.92637893	0.46978613	13.19	4.20

