App_ID	Config_ID	EDP	App_Cat	App_Short	Device	Frequency	A15	A7	MALI	Mem	Energy	Time
10	1	12.81111548	Linear Algebra	MVT	A15	2	6.43048867	0.3624906	0.12626593	0.429106	7.35	1.74
10	2	5.888260783	Linear Algebra	MVT	A15	1.4	2.536473	0.2535551	0.11460273	0.2995742	3.2	1.84
10	3	5.726437625	Linear Algebra	MVT	A15	1	1.93344167	0.309479	0.13976983	0.38499697	2.77	2.07
10	4	10.71113351	Linear Algebra	MVT	A15	0.4	1.45270783	0.55882913	0.26633097	0.3165901	2.59	4.13
10	5	11.8890981	Linear Algebra	MVT	A7	1.4	2.69928367	0.83624363	0.17711367	0.27444717	3.99	2.98
10	6	18.63773171	Linear Algebra	MVT	A7	1	3.946536	0.65201507	0.2317962	0.550837	5.38	3.46
10	7	45.4511287	Linear Algebra	MVT	A7	0.4	5.75797867	0.36453757	0.40175103	0.43488153	6.96	6.53
10	8	8.438511172	Linear Algebra	MVT	MALI	0.6	3.978539	0.2775098	0.86612563	0.45712947	5.58	1.51

