App_ID	Config_ID	EDP	App_Cat	App_Short	Device	Frequency	A15	A7	MALI	Mem	Energy	Time
11	1	5114.688969	Linear Algebra	SYR2K	A15	2	126.22285667	8.001674	2.347693	6.73745433	143.31	35.69
11	2	5076.410097	Linear Algebra	SYR2K	A15	1.4	107.8145	5.64737833	2.49410767	5.33408867	121.29	41.85
11	3	4939.175735	Linear Algebra	SYR2K	A15	1	77.80280667	6.614149	3.01125233	5.96343367	93.39	52.89
11	4	10374.60501	Linear Algebra	SYR2K	A15	0.4	64.7546	13.62858333	6.38743333	9.030654	93.8	110.6
11	5	7900.562592	Linear Algebra	SYR2K	A7	1.4	64.14268333	38.83686333	3.95397367	9.165629	116.1	68.05
11	6	10226.1229	Linear Algebra	SYR2K	A7	1	79.04184333	26.36448333	4.92879567	10.12180867	120.46	84.89
11	7	35371.00683	Linear Algebra	SYR2K	A7	0.4	149.58496667	18.59180667	10.54981	14.83596333	193.56	182.74
11	8	64411.97369	Linear Algebra	SYR2K	MALI	0.6	214.49263333	19.18082	179.65576667	80.5688	493.9	130.42

