App_ID	Config_ID	EDP	App_Cat	App_Short	Device	Frequency	A15	A7	MALI	Mem	Energy	Time
12	1	13.43446627	Linear Algebra	SYRK	A15	2	8.70215	0.42623963	0.1288824	0.24959187	9.51	1.41
12	2	10.80597847	Linear Algebra	SYRK	A15	1.4	6.73255033	0.2623788	0.1178538	0.1406875	7.25	1.49
12	3	8.073336425	Linear Algebra	SYRK	A15	1	3.57762033	0.25633457	0.11917757	0.121155	4.07	1.98
12	4	20.23477896	Linear Algebra	SYRK	A15	0.4	3.36753	0.5972618	0.28503437	0.21546817	4.47	4.53
12	5	49.77898733	Linear Algebra	SYRK	A7	1.4	5.46913533	3.26095233	0.34734793	0.4653501	9.54	5.22
12	6	61.27269272	Linear Algebra	SYRK	A7	1	6.08198167	2.00324467	0.40486813	0.48640573	8.98	6.83
12	7	245.1406259	Linear Algebra	SYRK	A7	0.4	12.53892667	1.465506	0.92251407	0.86561887	15.79	15.52
12	8	59.63210261	Linear Algebra	SYRK	MALI	0.6	7.302677	0.60153017	6.575188	1.53782283	16.02	3.72

