App_ID	Config_ID	EDP	App_Cat	App_Short	Device	Frequency	A15	A7	MALI	Mem	Energy	Time
13	1	12990.1191	Datamining	CORR	A15	2	199.55656667	9.143995	3.74124133	8.045365	220.49	58.92
13	2	11876.56268	Datamining	CORR	A15	1.4	140.8585	9.27073367	4.272864	6.72933267	161.13	73.71
13	3	14154.47667	Datamining	CORR	A15	1	111.89416667	12.42531667	5.85122867	8.00482833	138.18	102.44
13	4	43344.94969	Datamining	CORR	A15	0.4	111.09636667	30.58451667	14.61821333	15.04192667	171.34	252.97
13	5	67593.33388	Datamining	CORR	A7	1.4	213.3555	74.98667	11.42448	43.61893	343.39	196.84
13	6	69524.444	Datamining	CORR	A7	1	225.6368	46.42254333	12.24830333	44.48702333	328.79	211.45
13	7	141232.6536	Datamining	CORR	A7	0.4	335.8139	26.60905333	18.83666	52.01289	433.27	325.97
13	8	189360.7412	Datamining	CORR	MALI	0.6	397.17656667	34.04434333	238.88876667	123.8193	793.93	238.51

