App_ID	Config_ID	EDP	App_Cat	App_Short	Device	Frequency	A15	A7	MALI	Mem	Energy	Time
14	1	13477.85512	Datamining	COVAR	A15	2	199.4348	11.829634	3.831121	9.00697967	224.1	60.14
14	2	11811.35767	Datamining	COVAR	A15	1.4	140.41483333	9.17354933	4.250277	6.734684	160.57	73.56
14	3	14101.78649	Datamining	COVAR	A15	1	111.72363333	12.38895667	5.83710467	8.048944	138	102.19
14	4	43163.15701	Datamining	COVAR	A15	0.4	110.9239	30.48254	14.56678667	15.17421667	171.15	252.2
14	5	67073.50964	Datamining	COVAR	A7	1.4	212.26376667	74.24566333	11.38404	43.94775333	341.84	196.21
14	6	69719.29541	Datamining	COVAR	A7	1	226.11996667	46.09287	12.25192	44.95400333	329.42	211.64
14	7	142593.3858	Datamining	COVAR	A7	0.4	339.6593	26.39255667	18.82950667	52.50404	437.39	326.01
14	8	191571.8225	Datamining	COVAR	MALI	0.6	399.0521	34.15047667	239.9164	125.04163333	798.16	240.02

