App_ID	Config_ID	EDP	App_Cat	App_Short	Device	Frequency	A15	A7	MALI	Mem	Energy	Time
15	1	6414.888227	Stencils	FDTD-2D	A15	2	133.82036667	8.376202	2.63447067	11.13461667	155.97	41.13
15	2	4588.443657	Stencils	FDTD-2D	A15	1.4	90.14754333	5.90332367	2.49619967	9.577695	108.12	42.44
15	3	4142.432364	Stencils	FDTD-2D	A15	1	63.91857	6.52073967	2.84655967	9.81607267	83.1	49.85
15	4	7705.754152	Stencils	FDTD-2D	A15	0.4	53.25642667	11.89315667	5.385838	12.09038333	82.63	93.26
15	5	10156.06189	Stencils	FDTD-2D	A7	1.4	77.52804667	39.95852667	4.45350033	11.12161333	133.06	76.33
15	6	13216.24552	Stencils	FDTD-2D	A7	1	93.36112	26.96507667	5.53909633	12.15175333	138.02	95.76
15	7	45563.43186	Stencils	FDTD-2D	A7	0.4	178.48556667	18.71005667	11.57834333	18.00138667	226.78	200.92
15	8	2660.267963	Stencils	FDTD-2D	MALI	0.6	47.03700333	3.88058433	41.77253667	9.153128	101.84	26.12

