App_ID	Config_ID	EDP	App_Cat	App_Short	Device	Frequency	A15	A7	MALI	Mem	Energy	Time
2	1	12.00562337	Convolution	3DCONV	A15	2	6.90512033	0.31656397	0.12162293	0.20692443	7.55	1.59
2	2	4.815529935	Convolution	3DCONV	A15	1.4	2.10497267	0.2562976	0.11294183	0.1263405	2.6	1.85
2	3	7.875430162	Convolution	3DCONV	A15	1	2.815961	0.42183717	0.16967247	0.23221487	3.64	2.16
2	4	13.06913476	Convolution	3DCONV	A15	0.4	1.731544	0.62373713	0.28749603	0.2295391	2.87	4.55
2	5	11.55998835	Convolution	3DCONV	A7	1.4	2.84963067	0.8492658	0.17211983	0.21306367	4.08	2.83
2	6	16.8960536	Convolution	3DCONV	A7	1	3.627807	0.66918443	0.22920933	0.25110417	4.78	3.54
2	7	57.39457921	Convolution	3DCONV	A7	0.4	6.45807667	0.4369946	0.4588016	0.44257347	7.8	7.36
2	8	9.852670193	Convolution	3DCONV	MALI	0.6	5.526616	0.29430983	0.3066942	0.24181723	6.37	1.55

