App_ID	Config_ID	EDP	App_Cat	App_Short	Device	Frequency	A15	A7	MALI	Mem	Energy	Time
3	1	485510.528	Linear Algebra	2MM	A15	2	1148.38066667	59.8278	22.79177333	127.70066667	1358.7	357.33
3	2	349379.6337	Linear Algebra	2MM	A15	1.4	710.48806667	57.55189333	22.28948333	121.16226667	911.49	383.31
3	3	306746.374	Linear Algebra	2MM	A15	1	487.38763333	60.21306	25.26358333	118.71163333	691.58	443.55
3	4	687529.6956	Linear Algebra	2MM	A15	0.4	422.05296667	119.29506667	53.37532667	149.57576667	744.3	923.73
3	5	889808.8554	Linear Algebra	2MM	A7	1.4	782.51896667	256.70056667	42.04933333	137.97523333	1219.24	729.8
3	6	898556.77	Linear Algebra	2MM	A7	1	822.79413333	154.94083333	44.21362333	141.6637	1163.61	772.21
3	7	1587025.855	Linear Algebra	2MM	A7	0.4	1157.97366667	82.07836333	61.81197667	164.43856667	1466.3	1082.33
3	8	2938.231393	Linear Algebra	2MM	MALI	0.6	27.06069333	4.18754633	54.33096667	3.26301467	88.84	33.07

