App_ID	Config_ID	EDP	App_Cat	App_Short	Device	Frequency	A15	A7	MALI	Mem	Energy	Time
4	1	26.18930633	Linear Algebra	3MM	A15	2	11.54781167	0.39434773	0.16854493	0.29991677	12.41	2.11
4	2	18.87394246	Linear Algebra	3MM	A15	1.4	7.18231067	0.37665263	0.17326107	0.09127957	7.82	2.41
4	3	20.36697398	Linear Algebra	3MM	A15	1	5.35089	0.4828629	0.22782917	0.09480617	6.16	3.31
4	4	45.37145338	Linear Algebra	3MM	A15	0.4	4.16275833	0.96646293	0.46217297	0.14642883	5.74	7.91
4	5	263.9264159	Linear Algebra	3MM	A7	1.4	13.73536667	4.726561	0.74856157	2.140535	21.35	12.36
4	6	274.133134	Linear Algebra	3MM	A7	1	14.59406333	2.898498	0.80193943	2.190203	20.48	13.38
4	7	553.8280424	Linear Algebra	3MM	A7	0.4	21.34378333	1.58852467	1.20254633	2.647078	26.78	20.68
4	8	3.684366201	Linear Algebra	3MM	MALI	0.6	1.69315133	0.13983393	1.6307146	0.12718367	3.59	1.03

