App_ID	Config_ID	EDP	App_Cat	App_Short	Device	Frequency	A15	A7	MALI	Mem	Energy	Time
5	1	10.503241	Linear Algebra	ATAX	A15	2	7.664068	0.29469623	0.1240694	0.44829483	8.53	1.23
5	2	5.044520778	Linear Algebra	ATAX	A15	1.4	2.82162133	0.24869917	0.1134689	0.30063737	3.48	1.45
5	3	3.806134981	Linear Algebra	ATAX	A15	1	1.55271833	0.2425175	0.11259613	0.2441073	2.15	1.77
5	4	8.316194786	Linear Algebra	ATAX	A15	0.4	1.30307533	0.48722413	0.23107483	0.3028403	2.32	3.58
5	5	10.44480139	Linear Algebra	ATAX	A7	1.4	3.01505333	0.91936777	0.1719771	0.38399377	4.49	2.33
5	6	9.984721842	Linear Algebra	ATAX	A7	1	2.67752867	0.47920063	0.1715796	0.28049627	3.61	2.77
5	7	32.57625765	Linear Algebra	ATAX	A7	0.4	4.992109	0.32731643	0.3442244	0.45686903	6.12	5.32
5	8	7.180180865	Linear Algebra	ATAX	MALI	0.6	4.48663667	0.2679302	1.55506967	0.49987967	6.81	1.05

