App_ID	Config_ID	EDP	App_Cat	App_Short	Device	Frequency	A15	A7	MALI	Mem	Energy	Time
6	1	10.62270962	Linear Algebra	BICG	A15	2	7.69492767	0.2967654	0.12394547	0.4609766	8.58	1.24
6	2	4.942479055	Linear Algebra	BICG	A15	1.4	2.75964067	0.25213837	0.113904	0.2952701	3.42	1.44
6	3	3.754271046	Linear Algebra	BICG	A15	1	1.53881067	0.2479249	0.1140399	0.22983123	2.13	1.76
6	4	8.455244738	Linear Algebra	BICG	A15	0.4	1.32594767	0.48788893	0.2316578	0.3079133	2.35	3.59
6	5	10.45684064	Linear Algebra	BICG	A7	1.4	2.99246667	0.9200796	0.1733264	0.39422243	4.48	2.33
6	6	10.12185031	Linear Algebra	BICG	A7	1	2.707008	0.4747517	0.1730704	0.27645723	3.63	2.79
6	7	32.40209736	Linear Algebra	BICG	A7	0.4	4.976723	0.32977	0.3456801	0.44953377	6.1	5.31
6	8	4.463233629	Linear Algebra	BICG	MALI	0.6	2.81587733	0.17397673	1.0325807	0.32501187	4.35	1.03

