App_ID	Config_ID	EDP	App_Cat	App_Short	Device	Frequency	A15	A7	MALI	Mem	Energy	Time
7	1	5.027815072	Linear Algebra	GEMM	A15	2	4.86833967	0.15786037	0.06865533	0.08792483	5.18	0.97
7	2	6.08474012	Linear Algebra	GEMM	A15	1.4	4.76566267	0.24355357	0.11394347	0.0428854	5.17	1.18
7	3	4.564569072	Linear Algebra	GEMM	A15	1	2.498683	0.2339551	0.11217143	0.05658403	2.9	1.57
7	4	9.438391668	Linear Algebra	GEMM	A15	0.4	1.83085833	0.4755697	0.22761013	0.08248003	2.62	3.61
7	5	37.88772129	Linear Algebra	GEMM	A7	1.4	5.13310867	1.79211267	0.2873326	0.72897717	7.94	4.77
7	6	44.78001486	Linear Algebra	GEMM	A7	1	6.05701533	1.205975	0.34394957	0.81885583	8.43	5.31
7	7	94.42715849	Linear Algebra	GEMM	A7	0.4	8.688474	0.63750577	0.51496983	0.96068373	10.8	8.74
7	8	1.82179149	Linear Algebra	GEMM	MALI	0.6	2.44987833	0.1489472	0.81900483	0.1173407	3.54	0.52

