App_ID	Config_ID	EDP	App_Cat	App_Short	Device	Frequency	A15	A7	MALI	Mem	Energy	Time
8	1	3.547631113	Linear Algebra	GESUMMV	A15	2	3.12713967	0.1584074	0.07132587	0.09939743	3.46	1.03
8	2	3.16134362	Linear Algebra	GESUMMV	A15	1.4	2.128689	0.23635343	0.1131243	0.09189203	2.57	1.23
8	3	2.598941899	Linear Algebra	GESUMMV	A15	1	1.295294	0.23580047	0.11295113	0.1094292	1.75	1.48
8	4	5.183238321	Linear Algebra	GESUMMV	A15	0.4	0.96790933	0.3773416	0.18022137	0.1479976	1.67	3.1
8	5	4.986486588	Linear Algebra	GESUMMV	A7	1.4	1.75089867	0.56794073	0.11593497	0.1323596	2.57	1.94
8	6	7.77748708	Linear Algebra	GESUMMV	A7	1	2.40584767	0.4737466	0.17160763	0.16609233	3.22	2.42
8	7	24.70329689	Linear Algebra	GESUMMV	A7	0.4	4.03062367	0.2678228	0.29886777	0.268381	4.87	5.08
8	8	12.11455351	Linear Algebra	GESUMMV	MALI	0.6	4.96164867	0.3017678	0.98309353	0.5208929	6.77	1.79

