App_ID	Config_ID	EDP	App_Cat	App_Short	Device	Frequency	A15	A7	MALI	Mem	Energy	Time
9	1	745129.4994	Linear Algebra	GRAMSCHM	A15	2	1352.38333333	124.88114667	28.63907	153.7156	1659.62	448.98
9	2	469511.0138	Linear Algebra	GRAMSCHM	A15	1.4	784.66263333	63.28191	26.98508333	134.44153333	1009.37	465.15
9	3	380240.6415	Linear Algebra	GRAMSCHM	A15	1	505.31306667	68.35484333	29.70867333	136.7266	740.1	513.77
9	4	913561.7588	Linear Algebra	GRAMSCHM	A15	0.4	446.6113	140.18566667	64.51784	166.8893	818.2	1116.55
9	5	808067.5924	Linear Algebra	GRAMSCHM	A7	1.4	740.69526667	239.83786667	40.71613667	128.20436667	1149.45	703
9	6	835659.9565	Linear Algebra	GRAMSCHM	A7	1	788.14513333	145.84953333	43.53458333	133.73123333	1111.26	751.99
9	7	1621420.239	Linear Algebra	GRAMSCHM	A7	0.4	1170.97133333	79.81225333	63.13074	169.81983333	1483.73	1092.8
9	8	5596.384041	Linear Algebra	GRAMSCHM	MALI	0.6	69.99425667	5.856891	44.43729	13.3872	133.68	41.87

